k,b,m,value
8,16,10,1.7239999999999998
8,16,15,2.233
8,16,20,9.084
8,16,25,19.965
8,16,30,44.056
8,16,35,45.399
8,16,40,54.454
8,16,45,52.698
8,16,50,54.75
8,16,55,73.006
8,16,60,74.984
8,16,65,75.214
8,16,70,95.978
8,16,75,87.64999999999999
8,16,80,86.125
8,16,85,93.589
8,16,90,99.99
8,16,95,91.89
8,16,100,95.714
8,24,10,0.249
8,24,15,0.8240000000000001
8,24,20,1.2710000000000001
8,24,25,2.384
8,24,30,4.923
8,24,35,13.467
8,24,40,20.043
8,24,45,19.093
8,24,50,39.967000000000006
8,24,55,32.247
8,24,60,41.42
8,24,65,51.349999999999994
8,24,70,50.239999999999995
8,24,75,61.109
8,24,80,62.94499999999999
8,24,85,71.71499999999999
8,24,90,68.009
8,24,95,66.43299999999999
8,24,100,79.60199999999999
8,32,10,0.20400000000000001
8,32,15,0.853
8,32,20,1.839
8,32,25,2.089
8,32,30,4.2090000000000005
8,32,35,9.672
8,32,40,11.358
8,32,45,12.089
8,32,50,18.756999999999998
8,32,55,21.11
8,32,60,27.805999999999997
8,32,65,38.132
8,32,70,38.157999999999994
8,32,75,42.686
8,32,80,43.537
8,32,85,47.278
8,32,90,53.846000000000004
8,32,95,47.847
8,32,100,49.546
8,40,10,0.003
8,40,15,0.034
8,40,20,0.13699999999999998
8,40,25,0.333
8,40,30,0.6930000000000001
8,40,35,1.9539999999999997
8,40,40,3.023
8,40,45,3.057
8,40,50,5.933
8,40,55,10.814
8,40,60,20.132
8,40,65,18.698
8,40,70,23.974
8,40,75,28.52
8,40,80,28.904000000000003
8,40,85,30.8
8,40,90,44.411
8,40,95,47.709
8,40,100,52.075
8,48,10,0.022000000000000002
8,48,15,0.066
8,48,20,0.255
8,48,25,0.41700000000000004
8,48,30,0.735
8,48,35,1.863
8,48,40,2.453
8,48,45,4.083
8,48,50,5.232
8,48,55,6.494999999999999
8,48,60,9.337
8,48,65,11.379999999999999
8,48,70,14.693999999999999
8,48,75,15.354000000000001
8,48,80,16.798
8,48,85,22.198
8,48,90,21.489
8,48,95,28.548000000000002
8,48,100,37.32
8,56,10,0.006
8,56,15,0.027999999999999997
8,56,20,0.025
8,56,25,0.217
8,56,30,0.445
8,56,35,0.575
8,56,40,1.171
8,56,45,1.757
8,56,50,2.317
8,56,55,2.609
8,56,60,4.723999999999999
8,56,65,7.077
8,56,70,8.383000000000001
8,56,75,10.616
8,56,80,15.384999999999998
8,56,85,13.581999999999999
8,56,90,14.937000000000001
8,56,95,17.674
8,56,100,17.247
8,64,10,0.02
8,64,15,0.008
8,64,20,0.046
8,64,25,0.133
8,64,30,0.128
8,64,35,0.664
8,64,40,0.525
8,64,45,0.765
8,64,50,1.506
8,64,55,2.5989999999999998
8,64,60,4.431
8,64,65,5.367
8,64,70,5.334
8,64,75,9.288
8,64,80,7.9399999999999995
8,64,85,8.527
8,64,90,12.116
8,64,95,14.399000000000001
8,64,100,18.947
8,72,10,0.0
8,72,15,0.002
8,72,20,0.006999999999999999
8,72,25,0.029
8,72,30,0.07100000000000001
8,72,35,0.10200000000000001
8,72,40,0.146
8,72,45,0.385
8,72,50,0.791
8,72,55,0.9820000000000001
8,72,60,1.649
8,72,65,1.2970000000000002
8,72,70,3.0020000000000002
8,72,75,4.1579999999999995
8,72,80,3.657
8,72,85,3.891
8,72,90,7.968
8,72,95,7.333
8,72,100,9.051
8,80,10,0.006
8,80,15,0.004
8,80,20,0.029
8,80,25,0.011000000000000001
8,80,30,0.055
8,80,35,0.108
8,80,40,0.44
8,80,45,0.216
8,80,50,0.418
8,80,55,0.569
8,80,60,1.027
8,80,65,1.322
8,80,70,2.266
8,80,75,2.251
8,80,80,1.9009999999999998
8,80,85,4.7379999999999995
8,80,90,4.19
8,80,95,6.542000000000001
8,80,100,7.405
8,88,10,0.0
8,88,15,0.0
8,88,20,0.0
8,88,25,0.001
8,88,30,0.008
8,88,35,0.017
8,88,40,0.041
8,88,45,0.06899999999999999
8,88,50,0.13999999999999999
8,88,55,0.211
8,88,60,0.377
8,88,65,0.584
8,88,70,0.7060000000000001
8,88,75,1.375
8,88,80,2.0549999999999997
8,88,85,2.37
8,88,90,2.6519999999999997
8,88,95,3.08
8,88,100,5.404
8,96,10,0.034999999999999996
8,96,15,0.029
8,96,20,0.192
8,96,25,0.091
8,96,30,0.22499999999999998
8,96,35,0.575
8,96,40,0.33899999999999997
8,96,45,0.569
8,96,50,1.4489999999999998
8,96,55,1.262
8,96,60,1.908
8,96,65,1.722
8,96,70,3.7740000000000005
8,96,75,2.448
8,96,80,4.061
8,96,85,3.283
8,96,90,4.868
8,96,95,5.327
8,96,100,6.877
8,104,10,0.0
8,104,15,0.0
8,104,20,0.0
8,104,25,0.004
8,104,30,0.001
8,104,35,0.011000000000000001
8,104,40,0.01
8,104,45,0.032
8,104,50,0.059000000000000004
8,104,55,0.094
8,104,60,0.125
8,104,65,0.208
8,104,70,0.363
8,104,75,0.551
8,104,80,0.788
8,104,85,1.286
8,104,90,1.464
8,104,95,1.59
8,104,100,2.147
8,112,10,0.002
8,112,15,0.006999999999999999
8,112,20,0.015
8,112,25,0.025
8,112,30,0.053
8,112,35,0.064
8,112,40,0.14200000000000002
8,112,45,0.271
8,112,50,0.332
8,112,55,0.45399999999999996
8,112,60,0.644
8,112,65,0.614
8,112,70,0.8619999999999999
8,112,75,1.0070000000000001
8,112,80,1.3559999999999999
8,112,85,1.9879999999999998
8,112,90,1.6920000000000002
8,112,95,2.41
8,112,100,2.887
8,120,10,0.0
8,120,15,0.0
8,120,20,0.004
8,120,25,0.018000000000000002
8,120,30,0.026
8,120,35,0.032
8,120,40,0.043
8,120,45,0.147
8,120,50,0.077
8,120,55,0.097
8,120,60,0.182
8,120,65,0.373
8,120,70,0.517
8,120,75,0.747
8,120,80,0.853
8,120,85,0.869
8,120,90,1.171
8,120,95,1.4080000000000001
8,120,100,2.165
8,128,10,0.0
8,128,15,0.0
8,128,20,0.002
8,128,25,0.002
8,128,30,0.003
8,128,35,0.018000000000000002
8,128,40,0.013
8,128,45,0.039
8,128,50,0.051000000000000004
8,128,55,0.097
8,128,60,0.155
8,128,65,0.14300000000000002
8,128,70,0.187
8,128,75,0.302
8,128,80,0.488
8,128,85,0.65
8,128,90,0.74
8,128,95,0.7799999999999999
8,128,100,1.111
9,16,10,1.5709999999999997
9,16,15,3.117
9,16,20,4.439
9,16,25,18.77
9,16,30,26.901000000000003
9,16,35,35.172
9,16,40,48.257
9,16,45,76.498
9,16,50,54.077
9,16,55,76.092
9,16,60,86.414
9,16,65,78.241
9,16,70,84.809
9,16,75,96.069
9,16,80,86.732
9,16,85,95.652
9,16,90,90.736
9,16,95,99.991
9,16,100,99.991
9,24,10,0.015
9,24,15,0.251
9,24,20,1.562
9,24,25,1.693
9,24,30,4.238
9,24,35,10.585
9,24,40,13.013
9,24,45,24.632
9,24,50,26.415
9,24,55,32.452999999999996
9,24,60,36.728
9,24,65,42.729
9,24,70,52.800000000000004
9,24,75,51.931000000000004
9,24,80,55.257999999999996
9,24,85,67.247
9,24,90,57.877
9,24,95,75.43299999999999
9,24,100,67.533
9,32,10,0.07200000000000001
9,32,15,0.509
9,32,20,1.598
9,32,25,2.563
9,32,30,3.659
9,32,35,4.4639999999999995
9,32,40,6.571000000000001
9,32,45,12.438
9,32,50,12.305000000000001
9,32,55,16.505
9,32,60,32.617000000000004
9,32,65,23.102
9,32,70,38.384
9,32,75,42.32
9,32,80,36.028999999999996
9,32,85,47.278999999999996
9,32,90,35.91
9,32,95,49.232
9,32,100,60.105
9,40,10,0.002
9,40,15,0.027
9,40,20,0.094
9,40,25,0.17600000000000002
9,40,30,0.618
9,40,35,0.979
9,40,40,2.2849999999999997
9,40,45,3.3529999999999998
9,40,50,4.949
9,40,55,11.259
9,40,60,10.290000000000001
9,40,65,7.664999999999999
9,40,70,21.131
9,40,75,20.078
9,40,80,27.708
9,40,85,28.09
9,40,90,31.378
9,40,95,35.15
9,40,100,42.113
9,48,10,0.005
9,48,15,0.079
9,48,20,0.376
9,48,25,0.374
9,48,30,0.49899999999999994
9,48,35,1.106
9,48,40,2.018
9,48,45,3.374
9,48,50,2.138
9,48,55,5.6370000000000005
9,48,60,8.423
9,48,65,8.124
9,48,70,12.159
9,48,75,12.447
9,48,80,15.415000000000001
9,48,85,18.153
9,48,90,24.204
9,48,95,19.072
9,48,100,31.896
9,56,10,0.004
9,56,15,0.013
9,56,20,0.055999999999999994
9,56,25,0.054
9,56,30,0.172
9,56,35,0.388
9,56,40,0.629
9,56,45,0.763
9,56,50,2.0340000000000003
9,56,55,3.1649999999999996
9,56,60,3.818
9,56,65,5.396
9,56,70,7.364999999999999
9,56,75,10.451
9,56,80,8.15
9,56,85,8.745
9,56,90,12.188
9,56,95,17.823
9,56,100,16.17
9,64,10,0.001
9,64,15,0.031
9,64,20,0.031
9,64,25,0.052
9,64,30,0.2
9,64,35,0.344
9,64,40,0.623
9,64,45,0.736
9,64,50,0.8130000000000001
9,64,55,1.283
9,64,60,2.9010000000000002
9,64,65,2.919
9,64,70,4.564
9,64,75,5.0729999999999995
9,64,80,6.244000000000001
9,64,85,9.227
9,64,90,8.939
9,64,95,12.576
9,64,100,15.190999999999999
9,72,10,0.0
9,72,15,0.0
9,72,20,0.002
9,72,25,0.004
9,72,30,0.049
9,72,35,0.064
9,72,40,0.087
9,72,45,0.209
9,72,50,0.33999999999999997
9,72,55,0.643
9,72,60,1.146
9,72,65,1.415
9,72,70,1.729
9,72,75,3.2300000000000004
9,72,80,2.876
9,72,85,4.348
9,72,90,3.962
9,72,95,6.379
9,72,100,7.542999999999999
9,80,10,0.0
9,80,15,0.02
9,80,20,0.008
9,80,25,0.029
9,80,30,0.04
9,80,35,0.091
9,80,40,0.067
9,80,45,0.169
9,80,50,0.5760000000000001
9,80,55,0.565
9,80,60,0.585
9,80,65,1.4080000000000001
9,80,70,1.2930000000000001
9,80,75,1.9619999999999997
9,80,80,2.6630000000000003
9,80,85,3.1649999999999996
9,80,90,3.5999999999999996
9,80,95,5.022
9,80,100,6.371
9,88,10,0.0
9,88,15,0.0
9,88,20,0.0
9,88,25,0.001
9,88,30,0.0
9,88,35,0.01
9,88,40,0.006999999999999999
9,88,45,0.026
9,88,50,0.038
9,88,55,0.124
9,88,60,0.179
9,88,65,0.241
9,88,70,0.45799999999999996
9,88,75,0.618
9,88,80,1.001
9,88,85,1.199
9,88,90,1.413
9,88,95,2.4
9,88,100,2.97
9,96,10,0.006
9,96,15,0.012
9,96,20,0.021
9,96,25,0.044000000000000004
9,96,30,0.232
9,96,35,0.218
9,96,40,0.13999999999999999
9,96,45,0.48900000000000005
9,96,50,0.49899999999999994
9,96,55,0.664
9,96,60,1.194
9,96,65,0.968
9,96,70,1.738
9,96,75,2.407
9,96,80,2.27
9,96,85,2.911
9,96,90,3.733
9,96,95,6.146
9,96,100,5.408
9,104,10,0.0
9,104,15,0.0
9,104,20,0.001
9,104,25,0.0
9,104,30,0.0
9,104,35,0.006
9,104,40,0.006999999999999999
9,104,45,0.009000000000000001
9,104,50,0.034
9,104,55,0.047
9,104,60,0.043
9,104,65,0.093
9,104,70,0.189
9,104,75,0.367
9,104,80,0.432
9,104,85,0.482
9,104,90,1.142
9,104,95,0.861
9,104,100,1.3259999999999998
9,112,10,0.006
9,112,15,0.004
9,112,20,0.008
9,112,25,0.046
9,112,30,0.027999999999999997
9,112,35,0.087
9,112,40,0.051000000000000004
9,112,45,0.11199999999999999
9,112,50,0.108
9,112,55,0.272
9,112,60,0.292
9,112,65,0.381
9,112,70,0.58
9,112,75,0.65
9,112,80,0.666
9,112,85,1.43
9,112,90,1.18
9,112,95,1.28
9,112,100,2.037
9,120,10,0.001
9,120,15,0.0
9,120,20,0.005
9,120,25,0.011000000000000001
9,120,30,0.017
9,120,35,0.05
9,120,40,0.056999999999999995
9,120,45,0.051000000000000004
9,120,50,0.083
9,120,55,0.272
9,120,60,0.169
9,120,65,0.45199999999999996
9,120,70,0.367
9,120,75,0.687
9,120,80,0.521
9,120,85,0.8410000000000001
9,120,90,1.349
9,120,95,1.5599999999999998
9,120,100,1.701
9,128,10,0.0
9,128,15,0.0
9,128,20,0.0
9,128,25,0.002
9,128,30,0.001
9,128,35,0.004
9,128,40,0.005
9,128,45,0.012
9,128,50,0.013999999999999999
9,128,55,0.06899999999999999
9,128,60,0.043
9,128,65,0.065
9,128,70,0.094
9,128,75,0.199
9,128,80,0.38
9,128,85,0.364
9,128,90,0.726
9,128,95,0.8019999999999999
9,128,100,0.905
10,16,10,0.67
10,16,15,1.226
10,16,20,7.343
10,16,25,20.918999999999997
10,16,30,34.281
10,16,35,49.639
10,16,40,63.502
10,16,45,64.143
10,16,50,75.925
10,16,55,63.585
10,16,60,70.56700000000001
10,16,65,80.322
10,16,70,77.351
10,16,75,95.869
10,16,80,95.976
10,16,85,92.154
10,16,90,91.84400000000001
10,16,95,96.145
10,16,100,99.985
10,24,10,0.096
10,24,15,0.297
10,24,20,0.731
10,24,25,2.5749999999999997
10,24,30,3.902
10,24,35,10.008000000000001
10,24,40,15.137
10,24,45,19.131
10,24,50,32.798
10,24,55,28.71
10,24,60,38.423
10,24,65,47.864000000000004
10,24,70,45.027
10,24,75,55.75599999999999
10,24,80,61.102000000000004
10,24,85,53.566
10,24,90,73.12100000000001
10,24,95,55.203
10,24,100,78.682
10,32,10,0.046
10,32,15,0.449
10,32,20,1.841
10,32,25,1.6179999999999999
10,32,30,4.33
10,32,35,8.652
10,32,40,6.979
10,32,45,10.02
10,32,50,11.919
10,32,55,22.927
10,32,60,23.168
10,32,65,31.435000000000002
10,32,70,32.851
10,32,75,25.035
10,32,80,50.449999999999996
10,32,85,44.208
10,32,90,58.980999999999995
10,32,95,63.736000000000004
10,32,100,56.096999999999994
10,40,10,0.001
10,40,15,0.013999999999999999
10,40,20,0.037
10,40,25,0.107
10,40,30,0.292
10,40,35,0.736
10,40,40,1.11
10,40,45,1.9900000000000002
10,40,50,3.723
10,40,55,7.278999999999999
10,40,60,7.385999999999999
10,40,65,8.625
10,40,70,12.606
10,40,75,20.397000000000002
10,40,80,15.306000000000001
10,40,85,26.634999999999998
10,40,90,30.153000000000002
10,40,95,27.916
10,40,100,40.0
10,48,10,0.005
10,48,15,0.026
10,48,20,0.172
10,48,25,0.22699999999999998
10,48,30,0.43299999999999994
10,48,35,0.483
10,48,40,1.174
10,48,45,3.08
10,48,50,3.2070000000000003
10,48,55,6.401999999999999
10,48,60,7.196
10,48,65,5.71
10,48,70,11.338
10,48,75,12.42
10,48,80,12.081999999999999
10,48,85,18.052
10,48,90,15.617
10,48,95,19.200999999999997
10,48,100,27.238
10,56,10,0.002
10,56,15,0.01
10,56,20,0.013
10,56,25,0.042
10,56,30,0.097
10,56,35,0.317
10,56,40,0.644
10,56,45,0.5579999999999999
10,56,50,1.184
10,56,55,1.239
10,56,60,2.702
10,56,65,4.443
10,56,70,4.723
10,56,75,6.354
10,56,80,7.878
10,56,85,8.544
10,56,90,12.059000000000001
10,56,95,14.267
10,56,100,16.242
10,64,10,0.0
10,64,15,0.001
10,64,20,0.002
10,64,25,0.092
10,64,30,0.126
10,64,35,0.13999999999999999
10,64,40,0.367
10,64,45,0.41900000000000004
10,64,50,0.988
10,64,55,2.921
10,64,60,1.986
10,64,65,3.321
10,64,70,3.975
10,64,75,4.777
10,64,80,7.023
10,64,85,6.329999999999999
10,64,90,7.933
10,64,95,9.849
10,64,100,9.547
10,72,10,0.0
10,72,15,0.001
10,72,20,0.013
10,72,25,0.006
10,72,30,0.01
10,72,35,0.046
10,72,40,0.056999999999999995
10,72,45,0.13899999999999998
10,72,50,0.28800000000000003
10,72,55,0.363
10,72,60,0.502
10,72,65,0.967
10,72,70,1.3050000000000002
10,72,75,1.185
10,72,80,2.6229999999999998
10,72,85,3.784
10,72,90,3.8120000000000003
10,72,95,5.171
10,72,100,6.25
10,80,10,0.002
10,80,15,0.006999999999999999
10,80,20,0.003
10,80,25,0.011000000000000001
10,80,30,0.034999999999999996
10,80,35,0.025
10,80,40,0.07200000000000001
10,80,45,0.099
10,80,50,0.168
10,80,55,0.37
10,80,60,0.645
10,80,65,0.7270000000000001
10,80,70,1.088
10,80,75,1.2930000000000001
10,80,80,2.002
10,80,85,2.681
10,80,90,3.01
10,80,95,4.189
10,80,100,4.321
10,88,10,0.0
10,88,15,0.001
10,88,20,0.0
10,88,25,0.0
10,88,30,0.0
10,88,35,0.005
10,88,40,0.013
10,88,45,0.03
10,88,50,0.034
10,88,55,0.068
10,88,60,0.091
10,88,65,0.244
10,88,70,0.368
10,88,75,0.5640000000000001
10,88,80,0.551
10,88,85,0.803
10,88,90,1.762
10,88,95,1.2890000000000001
10,88,100,2.551
10,96,10,0.005
10,96,15,0.013
10,96,20,0.037
10,96,25,0.032
10,96,30,0.152
10,96,35,0.147
10,96,40,0.348
10,96,45,0.269
10,96,50,0.48700000000000004
10,96,55,0.827
10,96,60,0.872
10,96,65,0.909
10,96,70,1.081
10,96,75,1.862
10,96,80,1.875
10,96,85,3.016
10,96,90,2.2079999999999997
10,96,95,3.2550000000000003
10,96,100,3.5700000000000003
10,104,10,0.0
10,104,15,0.001
10,104,20,0.0
10,104,25,0.0
10,104,30,0.0
10,104,35,0.006
10,104,40,0.006
10,104,45,0.006
10,104,50,0.015
10,104,55,0.021
10,104,60,0.053
10,104,65,0.091
10,104,70,0.108
10,104,75,0.196
10,104,80,0.22
10,104,85,0.39699999999999996
10,104,90,0.542
10,104,95,0.756
10,104,100,0.97
10,112,10,0.004
10,112,15,0.009000000000000001
10,112,20,0.03
10,112,25,0.025
10,112,30,0.03
10,112,35,0.034999999999999996
10,112,40,0.132
10,112,45,0.121
10,112,50,0.121
10,112,55,0.157
10,112,60,0.248
10,112,65,0.183
10,112,70,0.515
10,112,75,0.768
10,112,80,0.645
10,112,85,1.082
10,112,90,0.9119999999999999
10,112,95,1.295
10,112,100,1.567
10,120,10,0.0
10,120,15,0.003
10,120,20,0.003
10,120,25,0.005
10,120,30,0.019
10,120,35,0.015
10,120,40,0.024
10,120,45,0.051000000000000004
10,120,50,0.076
10,120,55,0.07200000000000001
10,120,60,0.124
10,120,65,0.133
10,120,70,0.192
10,120,75,0.232
10,120,80,0.45799999999999996
10,120,85,0.449
10,120,90,0.636
10,120,95,1.35
10,120,100,1.117
10,128,10,0.0
10,128,15,0.0
10,128,20,0.002
10,128,25,0.0
10,128,30,0.004
10,128,35,0.002
10,128,40,0.004
10,128,45,0.008
10,128,50,0.019
10,128,55,0.026
10,128,60,0.046
10,128,65,0.107
10,128,70,0.132
10,128,75,0.167
10,128,80,0.22799999999999998
10,128,85,0.308
10,128,90,0.38999999999999996
10,128,95,0.984
10,128,100,0.6839999999999999
11,16,10,0.6839999999999999
11,16,15,2.589
11,16,20,6.336
11,16,25,13.919999999999998
11,16,30,29.236
11,16,35,26.576
11,16,40,43.33
11,16,45,67.586
11,16,50,93.458
11,16,55,71.09400000000001
11,16,60,64.381
11,16,65,93.43900000000001
11,16,70,88.042
11,16,75,87.417
11,16,80,99.917
11,16,85,99.921
11,16,90,99.919
11,16,95,82.16499999999999
11,16,100,92.116
11,24,10,0.021
11,24,15,0.078
11,24,20,0.668
11,24,25,3.084
11,24,30,5.844
11,24,35,10.607999999999999
11,24,40,8.822000000000001
11,24,45,19.703
11,24,50,48.484
11,24,55,30.093999999999998
11,24,60,37.811
11,24,65,43.139
11,24,70,62.248999999999995
11,24,75,65.514
11,24,80,58.35
11,24,85,63.097
11,24,90,70.376
11,24,95,79.99300000000001
11,24,100,69.21000000000001
11,32,10,0.027999999999999997
11,32,15,0.327
11,32,20,0.812
11,32,25,2.056
11,32,30,3.514
11,32,35,6.199000000000001
11,32,40,9.461
11,32,45,11.911
11,32,50,16.576
11,32,55,17.97
11,32,60,22.793
11,32,65,18.536
11,32,70,36.463
11,32,75,37.451
11,32,80,41.358
11,32,85,50.749
11,32,90,52.678000000000004
11,32,95,49.758
11,32,100,59.058
11,40,10,0.001
11,40,15,0.004
11,40,20,0.013999999999999999
11,40,25,0.14200000000000002
11,40,30,0.20400000000000001
11,40,35,0.64
11,40,40,1.221
11,40,45,1.459
11,40,50,2.5340000000000003
11,40,55,6.369
11,40,60,8.568000000000001
11,40,65,11.899
11,40,70,15.754000000000001
11,40,75,22.614
11,40,80,20.587
11,40,85,32.605000000000004
11,40,90,36.302
11,40,95,37.452000000000005
11,40,100,43.175000000000004
11,48,10,0.019
11,48,15,0.025
11,48,20,0.059000000000000004
11,48,25,0.248
11,48,30,0.743
11,48,35,0.918
11,48,40,3.056
11,48,45,1.6660000000000001
11,48,50,2.2689999999999997
11,48,55,2.706
11,48,60,6.946
11,48,65,7.0360000000000005
11,48,70,13.141
11,48,75,13.22
11,48,80,12.399000000000001
11,48,85,16.733999999999998
11,48,90,15.387
11,48,95,23.583000000000002
11,48,100,38.705
11,56,10,0.004
11,56,15,0.0
11,56,20,0.04
11,56,25,0.06
11,56,30,0.066
11,56,35,0.136
11,56,40,0.365
11,56,45,0.379
11,56,50,0.885
11,56,55,1.311
11,56,60,2.911
11,56,65,4.7010000000000005
11,56,70,5.481
11,56,75,5.031
11,56,80,8.83
11,56,85,9.43
11,56,90,10.847
11,56,95,12.373000000000001
11,56,100,12.885
11,64,10,0.0
11,64,15,0.002
11,64,20,0.013
11,64,25,0.082
11,64,30,0.079
11,64,35,0.185
11,64,40,0.484
11,64,45,0.592
11,64,50,0.822
11,64,55,0.8290000000000001
11,64,60,2.328
11,64,65,1.8339999999999999
11,64,70,3.6350000000000002
11,64,75,5.831
11,64,80,8.251
11,64,85,6.335
11,64,90,7.3580000000000005
11,64,95,10.865
11,64,100,10.982
11,72,10,0.0
11,72,15,0.001
11,72,20,0.001
11,72,25,0.004
11,72,30,0.005
11,72,35,0.027
11,72,40,0.068
11,72,45,0.10300000000000001
11,72,50,0.167
11,72,55,0.272
11,72,60,0.53
11,72,65,1.004
11,72,70,1.199
11,72,75,1.6230000000000002
11,72,80,1.699
11,72,85,3.3619999999999997
11,72,90,4.3839999999999995
11,72,95,6.7589999999999995
11,72,100,6.4799999999999995
11,80,10,0.001
11,80,15,0.0
11,80,20,0.001
11,80,25,0.003
11,80,30,0.011000000000000001
11,80,35,0.034999999999999996
11,80,40,0.068
11,80,45,0.12
11,80,50,0.252
11,80,55,0.191
11,80,60,0.338
11,80,65,0.584
11,80,70,0.97
11,80,75,1.381
11,80,80,1.521
11,80,85,2.5
11,80,90,2.905
11,80,95,4.971
11,80,100,4.918
11,88,10,0.0
11,88,15,0.0
11,88,20,0.0
11,88,25,0.0
11,88,30,0.0
11,88,35,0.0
11,88,40,0.005
11,88,45,0.022000000000000002
11,88,50,0.02
11,88,55,0.063
11,88,60,0.11299999999999999
11,88,65,0.179
11,88,70,0.266
11,88,75,0.486
11,88,80,0.768
11,88,85,0.9820000000000001
11,88,90,1.093
11,88,95,2.004
11,88,100,1.862
11,96,10,0.001
11,96,15,0.017
11,96,20,0.031
11,96,25,0.062
11,96,30,0.05
11,96,35,0.295
11,96,40,0.241
11,96,45,0.35100000000000003
11,96,50,0.46299999999999997
11,96,55,0.505
11,96,60,0.634
11,96,65,1.187
11,96,70,1.8079999999999998
11,96,75,1.014
11,96,80,2.432
11,96,85,2.5700000000000003
11,96,90,3.853
11,96,95,4.569
11,96,100,4.288
11,104,10,0.0
11,104,15,0.0
11,104,20,0.0
11,104,25,0.001
11,104,30,0.0
11,104,35,0.0
11,104,40,0.0
11,104,45,0.011000000000000001
11,104,50,0.006
11,104,55,0.024
11,104,60,0.032
11,104,65,0.043
11,104,70,0.095
11,104,75,0.152
11,104,80,0.267
11,104,85,0.28200000000000003
11,104,90,0.386
11,104,95,0.685
11,104,100,0.8699999999999999
11,112,10,0.0
11,112,15,0.006999999999999999
11,112,20,0.005
11,112,25,0.011000000000000001
11,112,30,0.01
11,112,35,0.021
11,112,40,0.05
11,112,45,0.06899999999999999
11,112,50,0.16
11,112,55,0.182
11,112,60,0.193
11,112,65,0.41000000000000003
11,112,70,0.367
11,112,75,0.5309999999999999
11,112,80,0.774
11,112,85,1.072
11,112,90,1.091
11,112,95,1.459
11,112,100,1.313
11,120,10,0.001
11,120,15,0.001
11,120,20,0.0
11,120,25,0.003
11,120,30,0.012
11,120,35,0.012
11,120,40,0.025
11,120,45,0.059000000000000004
11,120,50,0.055999999999999994
11,120,55,0.13999999999999999
11,120,60,0.12
11,120,65,0.11900000000000001
11,120,70,0.22999999999999998
11,120,75,0.35300000000000004
11,120,80,0.41700000000000004
11,120,85,0.748
11,120,90,0.699
11,120,95,0.8959999999999999
11,120,100,0.924
11,128,10,0.0
11,128,15,0.004
11,128,20,0.0
11,128,25,0.0
11,128,30,0.002
11,128,35,0.006
11,128,40,0.009000000000000001
11,128,45,0.015
11,128,50,0.023
11,128,55,0.034
11,128,60,0.052
11,128,65,0.073
11,128,70,0.087
11,128,75,0.167
11,128,80,0.248
11,128,85,0.27799999999999997
11,128,90,0.414
11,128,95,0.437
11,128,100,0.594
12,16,10,0.432
12,16,15,1.298
12,16,20,6.406000000000001
12,16,25,6.115
12,16,30,13.0
12,16,35,20.064999999999998
12,16,40,47.626000000000005
12,16,45,43.415
12,16,50,68.339
12,16,55,73.131
12,16,60,61.829
12,16,65,71.997
12,16,70,74.887
12,16,75,89.854
12,16,80,80.54599999999999
12,16,85,89.90700000000001
12,16,90,99.99
12,16,95,96.202
12,16,100,99.981
12,24,10,0.042
12,24,15,0.051000000000000004
12,24,20,0.27999999999999997
12,24,25,1.172
12,24,30,1.7489999999999999
12,24,35,6.861000000000001
12,24,40,14.257
12,24,45,21.654
12,24,50,16.650000000000002
12,24,55,29.658
12,24,60,38.552
12,24,65,40.977999999999994
12,24,70,48.727
12,24,75,55.007
12,24,80,47.224
12,24,85,57.847
12,24,90,54.518
12,24,95,80.49199999999999
12,24,100,72.77900000000001
12,32,10,0.013
12,32,15,0.11100000000000002
12,32,20,0.264
12,32,25,1.102
12,32,30,1.101
12,32,35,2.7390000000000003
12,32,40,4.518
12,32,45,9.085
12,32,50,11.37
12,32,55,12.399000000000001
12,32,60,16.311
12,32,65,25.537
12,32,70,27.802
12,32,75,33.373000000000005
12,32,80,36.506
12,32,85,34.487
12,32,90,42.433
12,32,95,40.528999999999996
12,32,100,49.995
12,40,10,0.001
12,40,15,0.002
12,40,20,0.011000000000000001
12,40,25,0.062
12,40,30,0.178
12,40,35,0.255
12,40,40,1.0619999999999998
12,40,45,1.432
12,40,50,3.118
12,40,55,4.621
12,40,60,4.949
12,40,65,6.618
12,40,70,9.225999999999999
12,40,75,17.044999999999998
12,40,80,29.112
12,40,85,26.249
12,40,90,32.307
12,40,95,32.092
12,40,100,24.184
12,48,10,0.006999999999999999
12,48,15,0.011000000000000001
12,48,20,0.051000000000000004
12,48,25,0.13
12,48,30,0.44400000000000006
12,48,35,0.402
12,48,40,0.635
12,48,45,1.38
12,48,50,2.306
12,48,55,2.2399999999999998
12,48,60,4.034
12,48,65,7.249999999999999
12,48,70,8.138
12,48,75,5.510000000000001
12,48,80,10.351
12,48,85,14.657
12,48,90,14.052000000000001
12,48,95,14.606
12,48,100,20.89
12,56,10,0.003
12,56,15,0.004
12,56,20,0.044000000000000004
12,56,25,0.05
12,56,30,0.123
12,56,35,0.167
12,56,40,0.29
12,56,45,0.246
12,56,50,0.8380000000000001
12,56,55,0.9820000000000001
12,56,60,1.019
12,56,65,1.8800000000000001
12,56,70,1.5599999999999998
12,56,75,3.7830000000000004
12,56,80,5.213
12,56,85,8.918
12,56,90,8.709
12,56,95,8.393
12,56,100,9.792
12,64,10,0.0
12,64,15,0.001
12,64,20,0.004
12,64,25,0.024
12,64,30,0.024
12,64,35,0.066
12,64,40,0.40800000000000003
12,64,45,0.247
12,64,50,0.35300000000000004
12,64,55,0.848
12,64,60,0.826
12,64,65,1.196
12,64,70,2.497
12,64,75,3.479
12,64,80,3.9849999999999994
12,64,85,6.502
12,64,90,4.183
12,64,95,5.181
12,64,100,8.028
12,72,10,0.0
12,72,15,0.001
12,72,20,0.0
12,72,25,0.001
12,72,30,0.004
12,72,35,0.01
12,72,40,0.025
12,72,45,0.038
12,72,50,0.086
12,72,55,0.148
12,72,60,0.28300000000000003
12,72,65,0.306
12,72,70,0.468
12,72,75,0.703
12,72,80,1.541
12,72,85,2.018
12,72,90,2.4459999999999997
12,72,95,2.254
12,72,100,4.859
12,80,10,0.0
12,80,15,0.0
12,80,20,0.001
12,80,25,0.002
12,80,30,0.009000000000000001
12,80,35,0.009000000000000001
12,80,40,0.039
12,80,45,0.06899999999999999
12,80,50,0.068
12,80,55,0.22100000000000003
12,80,60,0.306
12,80,65,0.32299999999999995
12,80,70,0.362
12,80,75,0.779
12,80,80,1.398
12,80,85,1.841
12,80,90,1.908
12,80,95,1.797
12,80,100,3.827
12,88,10,0.0
12,88,15,0.0
12,88,20,0.0
12,88,25,0.0
12,88,30,0.0
12,88,35,0.0
12,88,40,0.003
12,88,45,0.002
12,88,50,0.009000000000000001
12,88,55,0.043
12,88,60,0.024
12,88,65,0.063
12,88,70,0.18
12,88,75,0.196
12,88,80,0.251
12,88,85,0.445
12,88,90,0.527
12,88,95,0.786
12,88,100,0.954
12,96,10,0.001
12,96,15,0.012
12,96,20,0.025
12,96,25,0.016
12,96,30,0.039
12,96,35,0.074
12,96,40,0.27399999999999997
12,96,45,0.27999999999999997
12,96,50,0.3
12,96,55,0.39899999999999997
12,96,60,0.47400000000000003
12,96,65,0.507
12,96,70,0.65
12,96,75,1.677
12,96,80,1.528
12,96,85,1.6889999999999998
12,96,90,2.4570000000000003
12,96,95,2.352
12,96,100,2.543
12,104,10,0.0
12,104,15,0.0
12,104,20,0.0
12,104,25,0.0
12,104,30,0.0
12,104,35,0.0
12,104,40,0.001
12,104,45,0.0
12,104,50,0.002
12,104,55,0.005
12,104,60,0.019
12,104,65,0.021
12,104,70,0.03
12,104,75,0.05
12,104,80,0.11199999999999999
12,104,85,0.165
12,104,90,0.247
12,104,95,0.27799999999999997
12,104,100,0.392
12,112,10,0.001
12,112,15,0.003
12,112,20,0.001
12,112,25,0.002
12,112,30,0.022000000000000002
12,112,35,0.038
12,112,40,0.022000000000000002
12,112,45,0.053
12,112,50,0.117
12,112,55,0.068
12,112,60,0.052
12,112,65,0.20600000000000002
12,112,70,0.209
12,112,75,0.28300000000000003
12,112,80,0.22300000000000003
12,112,85,0.364
12,112,90,0.58
12,112,95,0.6910000000000001
12,112,100,0.9129999999999999
12,120,10,0.004
12,120,15,0.0
12,120,20,0.0
12,120,25,0.001
12,120,30,0.005
12,120,35,0.022000000000000002
12,120,40,0.009000000000000001
12,120,45,0.013999999999999999
12,120,50,0.067
12,120,55,0.027999999999999997
12,120,60,0.07100000000000001
12,120,65,0.095
12,120,70,0.147
12,120,75,0.232
12,120,80,0.22799999999999998
12,120,85,0.24
12,120,90,0.439
12,120,95,0.372
12,120,100,0.584
12,128,10,0.0
12,128,15,0.001
12,128,20,0.0
12,128,25,0.0
12,128,30,0.001
12,128,35,0.005
12,128,40,0.002
12,128,45,0.01
12,128,50,0.003
12,128,55,0.012
12,128,60,0.023
12,128,65,0.022000000000000002
12,128,70,0.034
12,128,75,0.032
12,128,80,0.063
12,128,85,0.16199999999999998
12,128,90,0.146
12,128,95,0.22799999999999998
12,128,100,0.347
13,16,10,0.16999999999999998
13,16,15,1.0699999999999998
13,16,20,2.926
13,16,25,9.142999999999999
13,16,30,23.244
13,16,35,24.929000000000002
13,16,40,36.24
13,16,45,52.35999999999999
13,16,50,48.964999999999996
13,16,55,45.488
13,16,60,70.88
13,16,65,72.642
13,16,70,87.54899999999999
13,16,75,89.038
13,16,80,82.30499999999999
13,16,85,83.221
13,16,90,92.231
13,16,95,93.853
13,16,100,95.796
13,24,10,0.005
13,24,15,0.06999999999999999
13,24,20,0.623
13,24,25,0.964
13,24,30,2.541
13,24,35,2.15
13,24,40,8.434999999999999
13,24,45,12.277000000000001
13,24,50,16.0
13,24,55,22.929
13,24,60,27.943
13,24,65,53.256
13,24,70,49.979
13,24,75,54.397
13,24,80,43.07
13,24,85,50.059
13,24,90,60.757000000000005
13,24,95,66.027
13,24,100,61.529
13,32,10,0.006
13,32,15,0.136
13,32,20,0.242
13,32,25,0.5349999999999999
13,32,30,0.954
13,32,35,1.377
13,32,40,4.021
13,32,45,6.297999999999999
13,32,50,7.475
13,32,55,14.901
13,32,60,14.163999999999998
13,32,65,20.175
13,32,70,24.873
13,32,75,27.048
13,32,80,33.778000000000006
13,32,85,28.637
13,32,90,43.443
13,32,95,34.413
13,32,100,52.236000000000004
13,40,10,0.004
13,40,15,0.003
13,40,20,0.0
13,40,25,0.011000000000000001
13,40,30,0.078
13,40,35,0.27299999999999996
13,40,40,0.386
13,40,45,0.915
13,40,50,1.401
13,40,55,2.479
13,40,60,3.5549999999999997
13,40,65,7.474
13,40,70,7.163
13,40,75,9.307
13,40,80,11.356
13,40,85,16.277
13,40,90,24.5
13,40,95,28.799000000000003
13,40,100,31.448999999999998
13,48,10,0.001
13,48,15,0.004
13,48,20,0.025
13,48,25,0.074
13,48,30,0.049
13,48,35,0.18
13,48,40,0.196
13,48,45,0.96
13,48,50,1.022
13,48,55,2.327
13,48,60,2.852
13,48,65,2.807
13,48,70,7.013
13,48,75,6.187
13,48,80,5.8999999999999995
13,48,85,9.559
13,48,90,15.959999999999999
13,48,95,10.217
13,48,100,14.127
13,56,10,0.0
13,56,15,0.006999999999999999
13,56,20,0.006999999999999999
13,56,25,0.013999999999999999
13,56,30,0.044000000000000004
13,56,35,0.043
13,56,40,0.151
13,56,45,0.27599999999999997
13,56,50,0.438
13,56,55,0.726
13,56,60,0.8750000000000001
13,56,65,1.754
13,56,70,2.734
13,56,75,3.689
13,56,80,4.0280000000000005
13,56,85,5.992999999999999
13,56,90,6.3759999999999994
13,56,95,8.623
13,56,100,10.357
13,64,10,0.0
13,64,15,0.0
13,64,20,0.004
13,64,25,0.009000000000000001
13,64,30,0.041
13,64,35,0.11199999999999999
13,64,40,0.11
13,64,45,0.27999999999999997
13,64,50,0.356
13,64,55,0.45199999999999996
13,64,60,0.873
13,64,65,3.784
13,64,70,1.711
13,64,75,1.533
13,64,80,2.177
13,64,85,4.531000000000001
13,64,90,5.907
13,64,95,4.668
13,64,100,8.28
13,72,10,0.0
13,72,15,0.0
13,72,20,0.0
13,72,25,0.001
13,72,30,0.0
13,72,35,0.001
13,72,40,0.013
13,72,45,0.024
13,72,50,0.056999999999999995
13,72,55,0.089
13,72,60,0.183
13,72,65,0.215
13,72,70,0.586
13,72,75,0.8420000000000001
13,72,80,0.799
13,72,85,1.203
13,72,90,1.362
13,72,95,2.93
13,72,100,2.976
13,80,10,0.0
13,80,15,0.0
13,80,20,0.003
13,80,25,0.001
13,80,30,0.006
13,80,35,0.013999999999999999
13,80,40,0.017
13,80,45,0.031
13,80,50,0.027
13,80,55,0.044000000000000004
13,80,60,0.13699999999999998
13,80,65,0.22
13,80,70,0.311
13,80,75,0.428
13,80,80,0.9159999999999999
13,80,85,0.8370000000000001
13,80,90,1.672
13,80,95,2.1870000000000003
13,80,100,1.934
13,88,10,0.0
13,88,15,0.0
13,88,20,0.0
13,88,25,0.0
13,88,30,0.0
13,88,35,0.0
13,88,40,0.0
13,88,45,0.005
13,88,50,0.004
13,88,55,0.016
13,88,60,0.022000000000000002
13,88,65,0.037
13,88,70,0.058
13,88,75,0.122
13,88,80,0.14200000000000002
13,88,85,0.31
13,88,90,0.407
13,88,95,0.626
13,88,100,0.936
13,96,10,0.005
13,96,15,0.001
13,96,20,0.02
13,96,25,0.026
13,96,30,0.008
13,96,35,0.025
13,96,40,0.12
13,96,45,0.10200000000000001
13,96,50,0.151
13,96,55,0.382
13,96,60,0.49899999999999994
13,96,65,0.547
13,96,70,0.642
13,96,75,0.815
13,96,80,1.053
13,96,85,1.319
13,96,90,1.011
13,96,95,2.4570000000000003
13,96,100,1.883
13,104,10,0.0
13,104,15,0.0
13,104,20,0.0
13,104,25,0.0
13,104,30,0.0
13,104,35,0.001
13,104,40,0.001
13,104,45,0.0
13,104,50,0.0
13,104,55,0.0
13,104,60,0.002
13,104,65,0.013
13,104,70,0.017
13,104,75,0.034999999999999996
13,104,80,0.07200000000000001
13,104,85,0.101
13,104,90,0.11
13,104,95,0.156
13,104,100,0.22699999999999998
13,112,10,0.001
13,112,15,0.0
13,112,20,0.001
13,112,25,0.003
13,112,30,0.002
13,112,35,0.017
13,112,40,0.011000000000000001
13,112,45,0.012
13,112,50,0.02
13,112,55,0.055999999999999994
13,112,60,0.097
13,112,65,0.098
13,112,70,0.127
13,112,75,0.33999999999999997
13,112,80,0.27
13,112,85,0.32299999999999995
13,112,90,0.5459999999999999
13,112,95,0.658
13,112,100,0.685
13,120,10,0.0
13,120,15,0.0
13,120,20,0.0
13,120,25,0.001
13,120,30,0.002
13,120,35,0.013
13,120,40,0.017
13,120,45,0.023
13,120,50,0.018000000000000002
13,120,55,0.016
13,120,60,0.025
13,120,65,0.055999999999999994
13,120,70,0.058
13,120,75,0.089
13,120,80,0.052
13,120,85,0.132
13,120,90,0.186
13,120,95,0.262
13,120,100,0.5
13,128,10,0.0
13,128,15,0.0
13,128,20,0.0
13,128,25,0.001
13,128,30,0.0
13,128,35,0.001
13,128,40,0.001
13,128,45,0.001
13,128,50,0.002
13,128,55,0.003
13,128,60,0.011000000000000001
13,128,65,0.013
13,128,70,0.027
13,128,75,0.015
13,128,80,0.055999999999999994
13,128,85,0.058
13,128,90,0.158
13,128,95,0.156
13,128,100,0.27799999999999997
14,16,10,0.35300000000000004
14,16,15,0.24
14,16,20,2.789
14,16,25,5.3069999999999995
14,16,30,17.964
14,16,35,24.444
14,16,40,34.934
14,16,45,45.242
14,16,50,39.149
14,16,55,61.602999999999994
14,16,60,75.061
14,16,65,76.373
14,16,70,90.013
14,16,75,78.455
14,16,80,85.236
14,16,85,85.815
14,16,90,88.05199999999999
14,16,95,88.58500000000001
14,16,100,88.14699999999999
14,24,10,0.008
14,24,15,0.019
14,24,20,0.192
14,24,25,0.5950000000000001
14,24,30,1.836
14,24,35,3.6130000000000004
14,24,40,4.972
14,24,45,9.02
14,24,50,17.237
14,24,55,16.062
14,24,60,29.128
14,24,65,37.686
14,24,70,27.74
14,24,75,36.645
14,24,80,46.253
14,24,85,41.357
14,24,90,72.033
14,24,95,63.63999999999999
14,24,100,59.805
14,32,10,0.004
14,32,15,0.027999999999999997
14,32,20,0.218
14,32,25,0.21
14,32,30,0.8099999999999999
14,32,35,0.9780000000000001
14,32,40,3.118
14,32,45,3.052
14,32,50,6.006
14,32,55,10.852
14,32,60,17.78
14,32,65,18.117
14,32,70,21.357
14,32,75,33.944
14,32,80,23.87
14,32,85,33.172000000000004
14,32,90,33.681
14,32,95,43.480000000000004
14,32,100,44.222
14,40,10,0.0
14,40,15,0.001
14,40,20,0.006999999999999999
14,40,25,0.011000000000000001
14,40,30,0.034
14,40,35,0.08
14,40,40,0.42500000000000004
14,40,45,0.696
14,40,50,0.897
14,40,55,2.222
14,40,60,3.1809999999999996
14,40,65,5.383
14,40,70,7.471
14,40,75,9.8
14,40,80,11.115
14,40,85,22.048000000000002
14,40,90,16.398
14,40,95,17.863
14,40,100,30.901
14,48,10,0.002
14,48,15,0.017
14,48,20,0.041
14,48,25,0.079
14,48,30,0.155
14,48,35,0.258
14,48,40,0.475
14,48,45,0.847
14,48,50,0.664
14,48,55,1.081
14,48,60,2.828
14,48,65,3.456
14,48,70,5.2330000000000005
14,48,75,3.853
14,48,80,9.117
14,48,85,8.841000000000001
14,48,90,13.416
14,48,95,18.544
14,48,100,18.465999999999998
14,56,10,0.0
14,56,15,0.003
14,56,20,0.004
14,56,25,0.016
14,56,30,0.033
14,56,35,0.042
14,56,40,0.154
14,56,45,0.174
14,56,50,0.41700000000000004
14,56,55,0.449
14,56,60,0.7979999999999999
14,56,65,1.6789999999999998
14,56,70,1.783
14,56,75,2.017
14,56,80,4.245
14,56,85,4.348
14,56,90,5.563
14,56,95,8.542
14,56,100,10.017
14,64,10,0.0
14,64,15,0.0
14,64,20,0.003
14,64,25,0.001
14,64,30,0.017
14,64,35,0.048
14,64,40,0.12
14,64,45,0.22200000000000003
14,64,50,0.11100000000000002
14,64,55,0.27899999999999997
14,64,60,0.5459999999999999
14,64,65,0.6890000000000001
14,64,70,1.0070000000000001
14,64,75,1.0170000000000001
14,64,80,1.465
14,64,85,2.8129999999999997
14,64,90,3.527
14,64,95,4.711
14,64,100,5.744
14,72,10,0.0
14,72,15,0.0
14,72,20,0.0
14,72,25,0.001
14,72,30,0.001
14,72,35,0.001
14,72,40,0.005
14,72,45,0.017
14,72,50,0.032
14,72,55,0.041
14,72,60,0.117
14,72,65,0.21
14,72,70,0.22
14,72,75,0.28700000000000003
14,72,80,0.752
14,72,85,0.707
14,72,90,1.413
14,72,95,1.846
14,72,100,2.279
14,80,10,0.0
14,80,15,0.0
14,80,20,0.002
14,80,25,0.001
14,80,30,0.002
14,80,35,0.013
14,80,40,0.006
14,80,45,0.015
14,80,50,0.039
14,80,55,0.052
14,80,60,0.135
14,80,65,0.248
14,80,70,0.234
14,80,75,0.301
14,80,80,0.486
14,80,85,0.6910000000000001
14,80,90,0.76
14,80,95,1.476
14,80,100,1.917
14,88,10,0.0
14,88,15,0.0
14,88,20,0.0
14,88,25,0.0
14,88,30,0.0
14,88,35,0.0
14,88,40,0.001
14,88,45,0.0
14,88,50,0.0
14,88,55,0.004
14,88,60,0.011000000000000001
14,88,65,0.017
14,88,70,0.045
14,88,75,0.075
14,88,80,0.108
14,88,85,0.23800000000000002
14,88,90,0.22100000000000003
14,88,95,0.377
14,88,100,0.602
14,96,10,0.001
14,96,15,0.003
14,96,20,0.003
14,96,25,0.044000000000000004
14,96,30,0.016
14,96,35,0.061
14,96,40,0.049
14,96,45,0.091
14,96,50,0.058
14,96,55,0.13
14,96,60,0.241
14,96,65,0.267
14,96,70,0.43
14,96,75,0.6
14,96,80,0.666
14,96,85,0.91
14,96,90,1.053
14,96,95,1.6119999999999999
14,96,100,2.521
14,104,10,0.0
14,104,15,0.0
14,104,20,0.0
14,104,25,0.001
14,104,30,0.0
14,104,35,0.0
14,104,40,0.0
14,104,45,0.001
14,104,50,0.0
14,104,55,0.0
14,104,60,0.002
14,104,65,0.003
14,104,70,0.015
14,104,75,0.018000000000000002
14,104,80,0.032
14,104,85,0.046
14,104,90,0.098
14,104,95,0.105
14,104,100,0.166
14,112,10,0.001
14,112,15,0.0
14,112,20,0.001
14,112,25,0.001
14,112,30,0.004
14,112,35,0.005
14,112,40,0.013999999999999999
14,112,45,0.019
14,112,50,0.012
14,112,55,0.063
14,112,60,0.1
14,112,65,0.074
14,112,70,0.182
14,112,75,0.095
14,112,80,0.18
14,112,85,0.21
14,112,90,0.308
14,112,95,0.581
14,112,100,0.451
14,120,10,0.0
14,120,15,0.0
14,120,20,0.0
14,120,25,0.0
14,120,30,0.001
14,120,35,0.01
14,120,40,0.0
14,120,45,0.003
14,120,50,0.008
14,120,55,0.022000000000000002
14,120,60,0.027999999999999997
14,120,65,0.013
14,120,70,0.046
14,120,75,0.045
14,120,80,0.054
14,120,85,0.123
14,120,90,0.125
14,120,95,0.213
14,120,100,0.179
14,128,10,0.0
14,128,15,0.0
14,128,20,0.0
14,128,25,0.0
14,128,30,0.001
14,128,35,0.0
14,128,40,0.0
14,128,45,0.001
14,128,50,0.003
14,128,55,0.003
14,128,60,0.005
14,128,65,0.006
14,128,70,0.02
14,128,75,0.021
14,128,80,0.02
14,128,85,0.032
14,128,90,0.041
14,128,95,0.07200000000000001
14,128,100,0.079
15,16,10,0.108
15,16,15,0.406
15,16,20,2.926
15,16,25,7.681
15,16,30,9.546000000000001
15,16,35,16.454
15,16,40,33.635999999999996
15,16,45,42.302
15,16,50,63.087
15,16,55,59.026999999999994
15,16,60,46.596
15,16,65,63.1
15,16,70,84.758
15,16,75,79.541
15,16,80,79.462
15,16,85,88.691
15,16,90,81.37100000000001
15,16,95,85.712
15,16,100,93.812
15,24,10,0.005
15,24,15,0.03
15,24,20,0.116
15,24,25,1.08
15,24,30,1.4080000000000001
15,24,35,1.9689999999999999
15,24,40,4.5249999999999995
15,24,45,8.718
15,24,50,16.542
15,24,55,31.828
15,24,60,35.679
15,24,65,29.118
15,24,70,47.686
15,24,75,41.58
15,24,80,43.468
15,24,85,51.82299999999999
15,24,90,55.198
15,24,95,75.40599999999999
15,24,100,51.13100000000001
15,32,10,0.001
15,32,15,0.01
15,32,20,0.059000000000000004
15,32,25,0.9560000000000001
15,32,30,0.852
15,32,35,2.002
15,32,40,1.989
15,32,45,4.775
15,32,50,5.189
15,32,55,12.229
15,32,60,12.891
15,32,65,15.068999999999999
15,32,70,15.085
15,32,75,23.580000000000002
15,32,80,23.821
15,32,85,27.557
15,32,90,37.393
15,32,95,39.353
15,32,100,41.508
15,40,10,0.001
15,40,15,0.001
15,40,20,0.001
15,40,25,0.011000000000000001
15,40,30,0.041
15,40,35,0.08
15,40,40,0.317
15,40,45,0.47800000000000004
15,40,50,0.774
15,40,55,1.654
15,40,60,3.801
15,40,65,6.103
15,40,70,5.8790000000000004
15,40,75,6.61
15,40,80,11.519
15,40,85,13.177
15,40,90,15.028
15,40,95,16.398
15,40,100,22.061
15,48,10,0.001
15,48,15,0.019
15,48,20,0.001
15,48,25,0.08099999999999999
15,48,30,0.068
15,48,35,0.22399999999999998
15,48,40,0.374
15,48,45,0.462
15,48,50,1.552
15,48,55,1.34
15,48,60,2.69
15,48,65,2.522
15,48,70,3.54
15,48,75,3.218
15,48,80,5.305
15,48,85,7.063
15,48,90,11.591
15,48,95,15.079999999999998
15,48,100,13.419
15,56,10,0.0
15,56,15,0.001
15,56,20,0.011000000000000001
15,56,25,0.013
15,56,30,0.011000000000000001
15,56,35,0.018000000000000002
15,56,40,0.049
15,56,45,0.116
15,56,50,0.22599999999999998
15,56,55,0.414
15,56,60,0.47200000000000003
15,56,65,1.232
15,56,70,0.9259999999999999
15,56,75,2.452
15,56,80,2.874
15,56,85,3.068
15,56,90,3.904
15,56,95,7.031999999999999
15,56,100,6.866
15,64,10,0.0
15,64,15,0.0
15,64,20,0.002
15,64,25,0.02
15,64,30,0.01
15,64,35,0.013999999999999999
15,64,40,0.017
15,64,45,0.046
15,64,50,0.3
15,64,55,0.156
15,64,60,0.41900000000000004
15,64,65,0.451
15,64,70,0.808
15,64,75,1.881
15,64,80,1.489
15,64,85,2.769
15,64,90,3.125
15,64,95,4.035
15,64,100,3.4709999999999996
15,72,10,0.0
15,72,15,0.0
15,72,20,0.0
15,72,25,0.001
15,72,30,0.0
15,72,35,0.002
15,72,40,0.011000000000000001
15,72,45,0.016
15,72,50,0.022000000000000002
15,72,55,0.058
15,72,60,0.05
15,72,65,0.13
15,72,70,0.163
15,72,75,0.23600000000000002
15,72,80,0.6
15,72,85,0.839
15,72,90,0.749
15,72,95,1.018
15,72,100,1.905
15,80,10,0.0
15,80,15,0.0
15,80,20,0.002
15,80,25,0.006
15,80,30,0.0
15,80,35,0.003
15,80,40,0.003
15,80,45,0.005
15,80,50,0.017
15,80,55,0.077
15,80,60,0.059000000000000004
15,80,65,0.11900000000000001
15,80,70,0.213
15,80,75,0.211
15,80,80,0.392
15,80,85,0.418
15,80,90,0.40299999999999997
15,80,95,0.899
15,80,100,0.935
15,88,10,0.0
15,88,15,0.0
15,88,20,0.0
15,88,25,0.0
15,88,30,0.0
15,88,35,0.0
15,88,40,0.0
15,88,45,0.0
15,88,50,0.0
15,88,55,0.002
15,88,60,0.008
15,88,65,0.009000000000000001
15,88,70,0.016
15,88,75,0.047
15,88,80,0.101
15,88,85,0.123
15,88,90,0.13
15,88,95,0.20500000000000002
15,88,100,0.38999999999999996
15,96,10,0.001
15,96,15,0.0
15,96,20,0.0
15,96,25,0.008
15,96,30,0.024
15,96,35,0.012
15,96,40,0.083
15,96,45,0.062
15,96,50,0.105
15,96,55,0.099
15,96,60,0.189
15,96,65,0.147
15,96,70,0.38
15,96,75,0.54
15,96,80,0.77
15,96,85,1.0030000000000001
15,96,90,1.049
15,96,95,0.874
15,96,100,1.281
15,104,10,0.0
15,104,15,0.0
15,104,20,0.0
15,104,25,0.0
15,104,30,0.0
15,104,35,0.0
15,104,40,0.0
15,104,45,0.0
15,104,50,0.001
15,104,55,0.002
15,104,60,0.0
15,104,65,0.002
15,104,70,0.005
15,104,75,0.006
15,104,80,0.027999999999999997
15,104,85,0.049
15,104,90,0.036000000000000004
15,104,95,0.096
15,104,100,0.109
15,112,10,0.0
15,112,15,0.0
15,112,20,0.001
15,112,25,0.001
15,112,30,0.006
15,112,35,0.004
15,112,40,0.001
15,112,45,0.008
15,112,50,0.034
15,112,55,0.027
15,112,60,0.027
15,112,65,0.036000000000000004
15,112,70,0.051000000000000004
15,112,75,0.049
15,112,80,0.101
15,112,85,0.198
15,112,90,0.209
15,112,95,0.374
15,112,100,0.422
15,120,10,0.0
15,120,15,0.001
15,120,20,0.0
15,120,25,0.0
15,120,30,0.001
15,120,35,0.003
15,120,40,0.0
15,120,45,0.002
15,120,50,0.005
15,120,55,0.006
15,120,60,0.008
15,120,65,0.021
15,120,70,0.031
15,120,75,0.05
15,120,80,0.029
15,120,85,0.068
15,120,90,0.093
15,120,95,0.129
15,120,100,0.22399999999999998
15,128,10,0.0
15,128,15,0.0
15,128,20,0.0
15,128,25,0.0
15,128,30,0.0
15,128,35,0.0
15,128,40,0.0
15,128,45,0.001
15,128,50,0.0
15,128,55,0.001
15,128,60,0.002
15,128,65,0.006999999999999999
15,128,70,0.002
15,128,75,0.009000000000000001
15,128,80,0.011000000000000001
15,128,85,0.034
15,128,90,0.033
15,128,95,0.037
15,128,100,0.089
16,16,10,0.047
16,16,15,0.315
16,16,20,2.367
16,16,25,5.832
16,16,30,9.549000000000001
16,16,35,17.726
16,16,40,31.159
16,16,45,21.314
16,16,50,69.98299999999999
16,16,55,78.69
16,16,60,67.294
16,16,65,78.71000000000001
16,16,70,63.367
16,16,75,81.279
16,16,80,83.831
16,16,85,97.609
16,16,90,89.594
16,16,95,91.997
16,16,100,91.443
16,24,10,0.001
16,24,15,0.013
16,24,20,0.087
16,24,25,0.31
16,24,30,1.121
16,24,35,3.068
16,24,40,3.959
16,24,45,7.2620000000000005
16,24,50,16.747999999999998
16,24,55,22.039
16,24,60,18.029999999999998
16,24,65,30.281999999999996
16,24,70,35.681000000000004
16,24,75,44.851
16,24,80,39.256
16,24,85,66.515
16,24,90,48.393
16,24,95,61.538000000000004
16,24,100,62.795
16,32,10,0.16
16,32,15,0.037
16,32,20,0.265
16,32,25,0.132
16,32,30,0.269
16,32,35,1.5959999999999999
16,32,40,2.319
16,32,45,4.319
16,32,50,8.92
16,32,55,10.594000000000001
16,32,60,7.827000000000001
16,32,65,14.074
16,32,70,19.299
16,32,75,16.611
16,32,80,19.088
16,32,85,30.517
16,32,90,37.47
16,32,95,38.89
16,32,100,36.148
16,40,10,0.0
16,40,15,0.0
16,40,20,0.004
16,40,25,0.003
16,40,30,0.016
16,40,35,0.047
16,40,40,0.147
16,40,45,0.24
16,40,50,1.228
16,40,55,1.304
16,40,60,2.557
16,40,65,2.697
16,40,70,4.247999999999999
16,40,75,7.546
16,40,80,11.137
16,40,85,10.208
16,40,90,12.67
16,40,95,19.331
16,40,100,23.666999999999998
16,48,10,0.001
16,48,15,0.011000000000000001
16,48,20,0.006
16,48,25,0.013999999999999999
16,48,30,0.084
16,48,35,0.10300000000000001
16,48,40,0.19499999999999998
16,48,45,0.47400000000000003
16,48,50,0.555
16,48,55,1.001
16,48,60,1.194
16,48,65,2.136
16,48,70,5.2749999999999995
16,48,75,5.078
16,48,80,5.4399999999999995
16,48,85,8.206
16,48,90,10.017
16,48,95,13.706
16,48,100,14.116999999999999
16,56,10,0.0
16,56,15,0.0
16,56,20,0.001
16,56,25,0.012
16,56,30,0.011000000000000001
16,56,35,0.018000000000000002
16,56,40,0.051000000000000004
16,56,45,0.078
16,56,50,0.193
16,56,55,0.256
16,56,60,0.584
16,56,65,0.39699999999999996
16,56,70,1.1780000000000002
16,56,75,1.522
16,56,80,1.82
16,56,85,2.471
16,56,90,3.5229999999999997
16,56,95,4.5
16,56,100,4.367999999999999
16,64,10,0.0
16,64,15,0.0
16,64,20,0.001
16,64,25,0.003
16,64,30,0.003
16,64,35,0.01
16,64,40,0.011000000000000001
16,64,45,0.041
16,64,50,0.065
16,64,55,0.13999999999999999
16,64,60,0.242
16,64,65,0.484
16,64,70,0.736
16,64,75,1.4080000000000001
16,64,80,1.5559999999999998
16,64,85,1.591
16,64,90,2.3640000000000003
16,64,95,2.863
16,64,100,4.2
16,72,10,0.0
16,72,15,0.0
16,72,20,0.0
16,72,25,0.001
16,72,30,0.001
16,72,35,0.0
16,72,40,0.0
16,72,45,0.005
16,72,50,0.006
16,72,55,0.012
16,72,60,0.033
16,72,65,0.083
16,72,70,0.10200000000000001
16,72,75,0.20400000000000001
16,72,80,0.348
16,72,85,0.45999999999999996
16,72,90,0.812
16,72,95,0.8170000000000001
16,72,100,1.321
16,80,10,0.0
16,80,15,0.001
16,80,20,0.0
16,80,25,0.001
16,80,30,0.001
16,80,35,0.002
16,80,40,0.003
16,80,45,0.006999999999999999
16,80,50,0.023
16,80,55,0.013999999999999999
16,80,60,0.037
16,80,65,0.053
16,80,70,0.22699999999999998
16,80,75,0.185
16,80,80,0.295
16,80,85,0.447
16,80,90,0.461
16,80,95,0.903
16,80,100,0.8290000000000001
16,88,10,0.0
16,88,15,0.0
16,88,20,0.0
16,88,25,0.0
16,88,30,0.0
16,88,35,0.002
16,88,40,0.0
16,88,45,0.0
16,88,50,0.0
16,88,55,0.0
16,88,60,0.001
16,88,65,0.006
16,88,70,0.012
16,88,75,0.017
16,88,80,0.06
16,88,85,0.059000000000000004
16,88,90,0.108
16,88,95,0.232
16,88,100,0.32299999999999995
16,96,10,0.001
16,96,15,0.001
16,96,20,0.004
16,96,25,0.004
16,96,30,0.02
16,96,35,0.004
16,96,40,0.026
16,96,45,0.015
16,96,50,0.065
16,96,55,0.077
16,96,60,0.08
16,96,65,0.23800000000000002
16,96,70,0.359
16,96,75,0.27799999999999997
16,96,80,0.363
16,96,85,0.573
16,96,90,0.638
16,96,95,0.826
16,96,100,0.963
16,104,10,0.0
16,104,15,0.001
16,104,20,0.0
16,104,25,0.0
16,104,30,0.0
16,104,35,0.0
16,104,40,0.001
16,104,45,0.0
16,104,50,0.0
16,104,55,0.0
16,104,60,0.001
16,104,65,0.002
16,104,70,0.002
16,104,75,0.006
16,104,80,0.003
16,104,85,0.016
16,104,90,0.021
16,104,95,0.046
16,104,100,0.073
16,112,10,0.0
16,112,15,0.0
16,112,20,0.0
16,112,25,0.001
16,112,30,0.004
16,112,35,0.005
16,112,40,0.008
16,112,45,0.013
16,112,50,0.013
16,112,55,0.009000000000000001
16,112,60,0.025
16,112,65,0.044000000000000004
16,112,70,0.03
16,112,75,0.075
16,112,80,0.13899999999999998
16,112,85,0.155
16,112,90,0.251
16,112,95,0.186
16,112,100,0.20400000000000001
16,120,10,0.0
16,120,15,0.0
16,120,20,0.0
16,120,25,0.0
16,120,30,0.0
16,120,35,0.001
16,120,40,0.0
16,120,45,0.002
16,120,50,0.006
16,120,55,0.009000000000000001
16,120,60,0.018000000000000002
16,120,65,0.015
16,120,70,0.012
16,120,75,0.02
16,120,80,0.032
16,120,85,0.052
16,120,90,0.091
16,120,95,0.095
16,120,100,0.10200000000000001
16,128,10,0.0
16,128,15,0.0
16,128,20,0.0
16,128,25,0.0
16,128,30,0.0
16,128,35,0.0
16,128,40,0.0
16,128,45,0.0
16,128,50,0.0
16,128,55,0.0
16,128,60,0.001
16,128,65,0.002
16,128,70,0.001
16,128,75,0.013
16,128,80,0.011000000000000001
16,128,85,0.019
16,128,90,0.038
16,128,95,0.044000000000000004
16,128,100,0.022000000000000002
